{
  "significance_tests": {
    "helpfulness": {
      "friedman_test": {
        "statistic": 7.511111111110949,
        "p_value": 0.023387453969386494,
        "significant": 